"Asklepios-Kinderklinik";9;81
"Asklepios-Kinderklinik";10;90
"Asklepios-Kinderklinik";5;45
"Asklepios-Kinderklinik";10;90
"Asklepios-Kinderklinik";2;18
"Asklepios-Kinderklinik";9;81
"Asklepios-Kinderklinik";1;9
"Asklepios-Kinderklinik";2;18
"Asklepios-Kinderklinik";2;18
"Asklepios-Kinderklinik";6;54
"Asklepios-Kinderklinik";6;54
"Asklepios-Kinderklinik";7;63
"Asklepios-Kinderklinik";4;36
"Asklepios-Kinderklinik";9;81
"Asklepios-Kinderklinik";5;45
"Asklepios-Kinderklinik";1;9
"Asklepios-Kinderklinik";6;54
"Asklepios-Kinderklinik";10;90
"Asklepios-Kinderklinik";6;54
"Asklepios-Kinderklinik";8;72
"Asklepios-Kinderklinik";2;18
"Asklepios-Kinderklinik";7;63
"Asklepios-Kinderklinik";9;81
"Asklepios-Kinderklinik";3;27
"Asklepios-Kinderklinik";3;27
"Asklepios-Kinderklinik";4;36
"EMKA-Verbrauchermarkt";2;18
"EMKA-Verbrauchermarkt";8;72
"EMKA-Verbrauchermarkt";4;36
"EMKA-Verbrauchermarkt";10;90
"EMKA-Verbrauchermarkt";7;63
"EMKA-Verbrauchermarkt";5;45
"EMKA-Verbrauchermarkt";3;27
"EMKA-Verbrauchermarkt";10;90
"EMKA-Verbrauchermarkt";6;54
"EMKA-Verbrauchermarkt";8;72
"EMKA-Verbrauchermarkt";2;18
"EMKA-Verbrauchermarkt";3;27
"EMKA-Verbrauchermarkt";8;72
"EMKA-Verbrauchermarkt";3;27
"EMKA-Verbrauchermarkt";3;27
"EMKA-Verbrauchermarkt";3;27
"EMKA-Verbrauchermarkt";2;18
"EMKA-Verbrauchermarkt";4;36
"EMKA-Verbrauchermarkt";9;81
"EMKA-Verbrauchermarkt";7;63
"EMKA-Verbrauchermarkt";3;27
"EMKA-Verbrauchermarkt";1;9
"EMKA-Verbrauchermarkt";2;18
"WorldCCBonn";1;9
"WorldCCBonn";9;81
"WorldCCBonn";9;81
"WorldCCBonn";7;63
"WorldCCBonn";4;36
"WorldCCBonn";8;72
"WorldCCBonn";3;27
"WorldCCBonn";5;45
"WorldCCBonn";7;63
"WorldCCBonn";2;18
"WorldCCBonn";7;63
"WorldCCBonn";10;90
"WorldCCBonn";4;36
"WorldCCBonn";1;9
"WorldCCBonn";9;81
"WorldCCBonn";7;63
"WorldCCBonn";8;72
"WorldCCBonn";9;81
"WorldCCBonn";5;45
"WorldCCBonn";5;45
"WorldCCBonn";9;81
"WorldCCBonn";10;90
"WorldCCBonn";3;27
"WorldCCBonn";3;27
"WorldCCBonn";4;36
"WorldCCBonn";8;72
"WorldCCBonn";10;90
"WorldCCBonn";8;72
"WorldCCBonn";8;72
"WorldCCBonn";2;18
"WorldCCBonn";8;72
"WorldCCBonn";5;45
"WorldCCBonn";7;63
"WorldCCBonn";2;18
"WorldCCBonn";1;9
"WorldCCBonn";5;45
"WorldCCBonn";7;63
"WorldCCBonn";5;45
"WorldCCBonn";3;27
"WorldCCBonn";6;54
"WorldCCBonn";1;9
